nvid,id,multi
NV 80531-00,01-DS-26520,ABC
NV 69365-00,01-DS-26521
NV 69934-00,01-DS-26509
NV 65492-00,01-DS-09734
NV 69932-00,01-DS-26507
NV 68719-00,01-DS-26503
NV 76021-00 ABCD,01-DS-34617
NV 76019-00 ABCD,01-DS-34616
NV 69941-00,01-DS-26517
NV 69928-00,01-DS-26501
NV 69883-00,01-DS-26496
NV 69926-00,01-DS-26499
NV 69933-00,01-DS-26508
NV 69943-00,01-DS-26522
NV 68679-00,01-DS-26502
NV 67116-01,01-PZ-09453
NV 58511-00AB,01-SH-17004
NV 69925-00,01-DS-26498
NV 36428-02,01-PZ-17114
NV 58040-01,01-DS-17096
NV 19551-02,01-DS-84996
PZ 71525-00,09-00-84077
PZ 71526-00,09-00-84078
NV 76018-00 AB,01-DS-34618
NV 57339-00,01-DS-17044
NV 42059-01,01-PZ-17111
NV 76020-00 AB,01-DS-34619
NV 28210-03,01-PZ-18387
NV 69936-00,01-DS-26511
NV 58763-00,01-SH-17006
NV 58515-00,01-PZ-17003
NV 69924-00,01-DS-26497
NV 69930-00,01-DS-26505
NV 64307-02,01-DS-09295
NV 64307-03,01-DS-09296
NV 65525-00 / NV65524-00,01-DS-26175
NV 65525-00 / NV65524-00,01-DS-26174
NV 58658-00,01-PZ-18055
NV 60481-01,01-PZ-18043
HV 34614-00,02-00-0949
NV 69974-00,01-DS-26518
NV 69942-00,01-DS-26519
NV 58512-00,01-SH-17002
NV 58998-01,01-PZ-18651
6006-685,09-00-78084
PZ 71519-01 REV 2,09-00-84060
PZ 71520-01 REV 2,09-00-84061
NV 60838-00,01-DS-08567
NV 49619-07,01-PZ-16916
PZ 71425-00,09-00-84065
PZ 71424-00,09-00-84064
NV-76320-00,01-DS-35714
NV-74787-00,01-DS-35715
NV-76427-00 AB,01-DS-35716
NV-76430-00 AB,01-DS-35717
NV-77195-00,01-DS-35718
NV-73094-00REV,01-DS-35719
PZ-76039-00,"01-GO-37419
"
NV-77134-00,"01-GO-36522
"
NV-76495-00,"01-GO-36524
"
NV-76851-00,"01-GO-36525
"
NV-76361-00,"01-GO-36526
"
NV-80024-00,"01-GO-36563
"
NV-71021-00A/B,"01-GO-36531
"
NV-77126-00AB,"01-GO-36532
"
NV-80498-00,"01-GO-37520
"
NV-71757-00,"01-GO-37416
"
NV-72355-00,"01-GO-37417
"
NV-76321-01,"01-GO-35775
"
NV-68138-00REV,"01-GO-27858
"
BM-74952-00,"01-GO-35397
"
BM-76016-00,"01-GO-35833
"
BM-76015-00,"01-GO-35398
"
NV-76480-00,"01-GO-35893
"
NV-76186-00,"01-GO-35896
"
NV-76971-00ABC,"01-GO-35988
"
NV-76973-00ABC,"01-GO-35989
"
"NV-77125-00A,NV-77125-00B","01-GO-35915
"
NV-76330-00,"01-GO-35992
"
NV-76309-00,"01-GO-35993
"
NV-76324-00,"01-GO-35908
"
NV-76314-00,"01-GO-35756
"
NV-72547-00,"01-GO-27811
"
NV-65764-00,"01-GO-26170
"
nv 50616-00,"01-SH-15583
"
NV-67746-00,"01-GO-26164
"
NV-66182-00,"01-DS-26113
"
"asst: NV 33638-05, NV 33638-09, NV 33638-01","01-WC-08973
"
NV-53495-01,"01-WC-08972
"
NV 39939-00,"01-DS-75925
"
NV 58840-00REV,"01-PZ-18772
"
NV 42716-01,"01-KM-17012
"
09-DS-84324,"09-DS-84324
"
NV 36643-00,"01-DS-75949
"
PZ 71494-00,"09-00-84081
"
PZ 71495-00 REV,"09-00-84082
"
#N/A,"09-PZ-83055
"
NV 46228-00,"01-PZ-12723
"
#N/A,"01-PZ-90819
"
NV 31279-00,01-PZ-90819
NV 36643-00,01-DS-75949
NV 39939-00,"01-DS-75925
"
NV 42716-01,"01-KM-17012
"
NV 46228-00_back,"01-PZ-12723
"
NV 58840-00REV,01-PZ-18772
NV-70121-00,"01-GO-36531
"
PZ 76039 00,"01-GO-37419
"
